sample	patient	site	cells_in	low_umi	low_genes	high_mt	doublets	cells_out	median_umi	median_genes	median_pct_mt
HCC01T	HCC01	Tumor	3368	0	0	0	194	3174	5303	1644.5	5.61
HCC02T	HCC02	Tumor	4101	0	4	0	226	3871	19482	3283	2.23
HCC03N	HCC03	Normal	2601	0	0	0	114	2487	2665	1002	4.62
HCC03T	HCC03	Tumor	4825	0	0	0	321	4504	7365	2005	3.73
HCC04N	HCC04	Normal	3396	0	0	0	181	3215	2614	1050.5	3.24
HCC04T	HCC04	Tumor	3501	0	0	0	183	3318	12399	2888	4.36
HCC05N	HCC05	Normal	4656	0	0	0	275	4381	2915	1101	3.25
HCC05T	HCC05	Tumor	3353	0	0	0	172	3181	8646	2354	4.48
HCC06N	HCC06	Normal	4465	0	0	0	264	4201	2651	1066	3.9
HCC06T	HCC06	Tumor	4308	0	0	0	280	4028	4104.5	1420	2.85
HCC07N	HCC07	Normal	3740	0	4	0	199	3537	3004.5	1209.5	3.53
HCC07P	HCC07	PVTT	1829	0	0	0	77	1752	6554	1808	4.22
HCC07T	HCC07	Tumor	510	0	0	0	14	496	2906	945	4.63
HCC08N	HCC08	Normal	4795	0	0	0	333	4462	2449	1013	3.32
HCC08P	HCC08	PVTT	4142	0	0	0	199	3943	13284	3328	3.52
HCC08T	HCC08	Tumor	4833	0	0	0	338	4495	4615	1568	2.45
HCC09N	HCC09	Normal	1962	0	0	0	92	1870	3003	1002	3.54
HCC09T	HCC09	Tumor	2816	0	0	0	121	2695	4816	1549	3.22
HCC10L	HCC10	Lymph	2843	0	0	0	131	2712	5938	1725	2.48
HCC10N	HCC10	Normal	3072	0	0	0	165	2907	1766	704	2.95
HCC10T	HCC10	Tumor	2799	0	0	0	120	2679	3688	1209	2.24
