cluster	n_cells	n_patients	top_patient_frac	sites	singler_majority	singler_frac	author_majority	author_frac
0	12428	10	0.21	Normal,Tumor,Lymph,PVTT	T_cells	0.86	T/NK	0.99
1	6872	10	0.14	Tumor,PVTT,Lymph,Normal	Macrophage	0.79	Myeloid	0.99
2	6721	9	0.24	Normal,Tumor,Lymph,PVTT	NK_cell	0.8	T/NK	0.99
3	6531	8	0.36	Tumor,Lymph,Normal	Hepatocytes	1	Hepatocyte	0.96
4	5254	9	0.67	Tumor,PVTT,Lymph,Normal	Hepatocytes	0.92	Hepatocyte	0.95
5	4202	10	0.16	Normal,Tumor,PVTT,Lymph	Monocyte	0.69	Myeloid	0.99
6	3579	10	0.4	Tumor,PVTT,Lymph,Normal	Hepatocytes	0.77	Hepatocyte	0.92
7	3065	10	0.28	Normal,Tumor,Lymph	Macrophage	0.72	Myeloid	0.99
8	2432	10	0.24	Tumor,Normal,PVTT,Lymph	Endothelial_cells	0.77	Endothelial	0.91
9	2336	10	0.49	Tumor,Normal,Lymph,PVTT	T_cells	0.92	T/NK	0.97
10	2049	10	0.3	Tumor,Normal,PVTT,Lymph	Tissue_stem_cells	0.59	Fibroblast	0.99
11	1923	10	0.4	Normal,Tumor,Lymph	Hepatocytes	1	Hepatocyte	0.95
12	1505	10	0.24	Tumor,PVTT,Normal,Lymph	T_cells	0.54	T/NK	0.75
13	1504	8	0.41	Tumor,Lymph,Normal	Hepatocytes	1	Hepatocyte	0.98
14	1350	10	0.28	Normal,Tumor,Lymph,PVTT	B_cell	0.95	B	0.96
15	1316	10	0.31	Tumor,Normal,PVTT,Lymph	B_cell	0.45	B	0.94
16	1254	9	0.31	Normal,Tumor	Endothelial_cells	0.55	Endothelial	0.92
17	988	5	0.51	Tumor,Lymph,Normal	Hepatocytes	1	Hepatocyte	0.96
18	820	10	0.49	PVTT,Tumor,Normal,Lymph	Macrophage	0.63	Myeloid	0.87
19	662	9	0.76	Tumor,Normal	Hepatocytes	0.62	B	0.65
20	577	9	0.42	Normal,Tumor	T_cells	0.54	T/NK	0.95
21	367	8	0.32	Normal,Tumor,Lymph	Hepatocytes	0.85	Hepatocyte	0.93
22	173	10	0.24	Normal,Tumor,PVTT,Lymph	Monocyte	0.4	Myeloid	0.65
