patient	site	malignant	non-malignant	unresolved	n_epithelial	pct_malignant
HCC02	Tumor	2073	0	2	2075	99.9
HCC03	Normal	1	813	4	818	0.1
HCC03	Tumor	3393	0	3	3396	99.9
HCC04	Normal	0	310	10	320	0
HCC04	Tumor	2442	1	1	2444	99.9
HCC05	Normal	0	30	4	34	0
HCC05	Tumor	1186	11	5	1202	98.7
HCC06	Normal	10	184	12	206	4.9
HCC06	Tumor	227	1	2	230	98.7
HCC07	Normal	4	30	0	34	11.8
HCC07	PVTT	128	0	1	129	99.2
HCC07	Tumor	61	0	0	61	100
HCC08	Normal	3	12	4	19	15.8
HCC08	PVTT	3232	0	0	3232	100
HCC08	Tumor	1693	0	4	1697	99.8
HCC09	Normal	4	124	10	138	2.9
HCC09	Tumor	1455	0	3	1458	99.8
HCC10	Lymph	1448	4	2	1454	99.6
HCC10	Normal	35	27	8	70	50
HCC10	Tumor	1080	9	9	1098	98.4
