feature	group	avgExpr	logFC	statistic	auc	pval	padj	pct_in	pct_out
RNASE1	0	2.2724574812566	1.59101797363229	25971282	0.794324563529952	0	0	82.09179834462	32.0136574262255
APOE	0	4.20306675955871	1.5184736422935	25479962.5	0.779297690871481	0	0	98.6455981941309	83.6923827331111
LGMN	0	2.35507960663755	1.10411796859133	25299295.5	0.773772040042258	0	0	95.7863054928518	63.7590439801642
A2M	0	1.40314070179045	0.871997250724341	25258620.5	0.772528006281369	0	0	83.0699774266366	38.1513698073327
APOC1	0	3.69426271333146	1.2915818489007	25132856	0.768681533412988	0	0	99.4356659142212	86.2287618892773
SEPP1	0	3.32061550017053	1.58612898794624	24982189.5	0.764073439678875	0	0	96.2001504890895	63.0111373059101
DAB2	0	1.53881687114704	0.837077033767946	24759388.5	0.757259131972423	0	0	86.117381489842	47.6871799040729
GYPC	0	1.25095877904372	0.763927332447053	24179811.5	0.73953292779209	0	0	74.7554552294959	38.6716527111617
FOLR2	0	1.67229674673884	0.841993927151272	23520218.5	0.719359456115474	1.1258341017482e-308	6.21630725784096e-307	85.515425131678	44.8662710348752
PSAP	0	3.29763760009961	0.602307643417217	23415994.5	0.716171793553829	1.63804058284874e-268	2.63233121663793e-265	99.7366440933033	95.8621250304853
SLC40A1	0	2.19990373351418	1.04350531207476	23338694.5	0.71380759417542	2.397561313243e-286	4.40329260615029e-283	89.6914973664409	49.1423461507195
APOA2	0	3.16200482575236	1.21719442349377	23225200.5	0.710336411196726	3.93481315274128e-256	5.32483767280441e-253	93.5289691497366	77.9692707909926
GPR34	0	1.19454058243542	0.664381120311912	23197943	0.709502748007115	8.78204950911635e-305	1.88170047482e-301	73.6644093303236	37.8830989350459
CTSZ	0	1.88782569062204	0.687958338437004	23074144	0.705716389419177	1.17547425953779e-247	1.43922829339217e-244	92.0617005267118	70.1406389724413
APOH	0	1.304545572724	0.727450418643666	22948306.5	0.701867683865743	1.65333755441216e-288	3.27004732300349e-285	71.4446952595937	36.39541500691
ATF3	0	1.30022849330666	0.673187186539309	22813390.5	0.697741314870435	6.45915246671726e-258	9.22654045690189e-255	73.7020316027088	44.2972116088123
ALB	0	2.94132284588107	0.956728936673818	22804788.5	0.697478225050861	5.96061910367847e-226	6.13037753575124e-223	94.620015048909	78.0993415169498
AHSG	0	1.14837508283014	0.759111077010136	22795715.5	0.697200729824984	1.11253692939845e-308	1.11253730169489e-308	60.7975921745674	27.1685228843183
TTR	0	1.70929085692351	0.790874761097507	22737879	0.695431816275834	6.50435168422126e-240	7.60181320475895e-237	80.6621519939804	50.8332655881636
C1QC	0	3.39388452615587	1.17378563488368	22636115	0.692319392142013	2.88873847695873e-215	2.39597560385687e-212	99.548532731377	73.2054304528087
PLD3	0	1.78598997477826	0.704728811781038	22579467	0.690586828540615	3.90601615227338e-219	3.86274951181743e-216	89.7667419112115	58.6781562474596
MARCKS	0	1.527346580664	0.588984941887957	22475790.5	0.687415911116869	3.80113029220375e-211	2.8745488845042e-208	87.7727614747931	60.3365580034144
GPR183	0	2.0969696947856	0.809616329910757	22444385	0.686455382480665	4.92305881288486e-208	3.61661966276844e-205	90.1053423626787	61.4096414925616
CCL3L3	0	2.56015606573148	1.02841146150994	22404561	0.685237376322247	1.4879932204611e-205	1.06275782456933e-202	86.7945823927765	61.7835948296887
EPHX1	0	0.850347901348293	0.5241938350549	22404199.5	0.685226319943523	3.57573098993198e-278	6.1292796808754e-275	59.857035364936	28.0383708641574
CD5L	1	3.14124585688748	2.90040423720864	30548693.5	0.967832972701127	0	0	97.639653815893	13.0707900459048
MARCO	1	3.05464780721868	2.69823762429598	29607850.5	0.938025515385971	0	0	93.3123524783635	21.2692276717404
VCAM1	1	2.12979869442243	1.75736851009397	28152819	0.891927718698896	0	0	90.4799370574351	22.6544253845534
MS4A6A	1	3.12112113622286	1.41083431830727	28150478	0.891853551959519	0	0	98.8985051140834	79.0045904807925
CXCL12	1	1.69042903745306	1.43821485441725	27973753	0.886254612610424	0	0	86.5066876475217	18.853185149392
CD163	1	2.41310555784652	1.42676696420142	27692621	0.877347887375795	0	0	94.2564909520063	60.1191914311025
LIPA	1	3.05408663275833	1.57612794171593	27627786.5	0.875293823529542	0	0	98.8985051140834	70.7497785294355
CETP	1	1.54343246781806	1.44330530339281	27538993	0.872480699064447	0	0	78.7962234461054	8.13400982523959
MS4A7	1	2.92862017455568	1.36764786942581	27510340.5	0.871572940627894	0	0	98.1117230527144	76.8543126359024
SDC3	1	1.58779871302969	1.28531647045868	27242662	0.863092444452724	0	0	84.1070023603462	25.1912700330193
PDK4	1	2.45772714092293	1.70778565584717	27183745	0.861225856762071	0	0	92.486231313926	42.836433921237
SLC40A1	1	2.81804978932218	1.77844935915789	27080927	0.857968413016165	0	0	97.9150275373721	47.8376419424982
CFP	1	1.69010489340152	1.36768724302062	27038876.5	0.856636183851648	0	0	83.2022029897718	23.5644680679713
PLAC8	1	1.81782162608845	1.52035177569842	26810569	0.849403025863567	0	0	81.2352478363493	18.4182974953693
CFD	1	2.24873382725129	1.50240526303351	26676977	0.845170611063599	0	0	87.9228953579858	46.5007650801321
C1QB	1	4.27644230944881	1.71776989620173	25976750.5	0.822986281149159	0	0	99.7639653815893	79.4314246597407
C1QA	1	4.24158917930981	1.56361556126626	25741224	0.815524413339824	0	0	99.8819826907947	82.5400660384956
CST3	1	4.1134721145189	1.04753426735082	25655253	0.812800710327907	0	0	99.6852871754524	94.9263107030684
SEPP1	1	3.58295513488267	1.88735695227395	25608837.5	0.811330190767245	0	0	99.6066089693155	62.6238221792704
FCGR3A	1	2.24956194972816	1.15990701215497	25541730.5	0.809204130374546	0	0	90.558615263572	62.0037045985343
LYVE1	1	1.29042901028175	1.18805627083514	25516382.5	0.808401063945796	0	0	66.6404405979544	8.15817025046307
STOM	1	1.34977039161331	0.917228074501849	25450909.5	0.806326771366912	0	0	80.8025177025964	38.6325199323508
CYBA	1	3.16195836306092	0.919809211146695	25298140	0.801486781750889	0	0	96.6168371361133	86.405734074253
CTSS	1	3.03276657104675	0.818658035306686	24898242.5	0.788817369679281	0	0	97.7183320220299	93.8551985181606
ITM2B	1	3.1102782288995	0.829202806355684	24809235	0.785997465341385	0	0	98.8985051140834	91.761294998792
APOH	10	2.65093960442682	1.97952200884507	3692555.5	0.951817124975512	2.43383725376242e-172	1.56447058671848e-168	99.2424242424243	41.6059884314393
TTR	10	3.04447298448924	2.02120040030733	3630144	0.935729530761855	2.36014377888269e-142	6.0489652464799e-139	99.2424242424243	55.3589656345696
APOA1	10	3.36405657091929	1.98593780896525	3566995	0.919451833750915	2.86171459762731e-127	5.66003121032258e-124	100	62.6539639333107
MARCO	10	3.41351132821078	2.64527090788731	3562480	0.918288017981791	1.02491126592957e-169	4.39208641159686e-166	98.8636363636364	32.3375297720313
CD5L	10	3.33506304532809	2.64808647399135	3558574.5	0.917281310897337	1.09483381452543e-192	1.4075183519539e-188	98.8636363636364	26.158557332426
CFD	10	2.80960331277626	1.84045000238552	3515836	0.906264757132399	3.63085243487074e-126	6.22376518702643e-123	96.969696969697	52.7594419870704
CST3	10	4.54135790051117	1.32071973258616	3493345.5	0.900467459556435	1.48909369479295e-110	1.66467726437028e-107	100	95.6583872065328
CFP	10	2.12678729529045	1.60019765542317	3491124.5	0.899894960149298	9.28719422874204e-155	2.98490422511769e-151	96.2121212121212	32.5757060224566
APOC3	10	2.96564668796978	1.78092463306229	3472454	0.89508233062163	1.5451394944855e-114	1.89183936581958e-111	100	59.8775093569241
RBP4	10	2.29512054589599	1.49036030272319	3453835.5	0.89028310495221	5.26673916819545e-120	7.12728407856008e-117	99.6212121212121	48.9282068730861
CYBA	10	3.58271909862294	1.20554139626272	3443218.5	0.887546397970862	8.05287781171414e-104	6.9018531431598e-101	100	87.9278666212998
C1QA	10	4.58953615384999	1.67542383235043	3426007	0.883109849773681	1.22026521742919e-101	9.80483102204357e-99	100	85.226267437904
PLAC8	10	2.13538568280628	1.60793798729427	3390198	0.873879489003681	4.96483105443108e-149	1.41839706746146e-145	95.4545454545454	27.900646478394
ALB	10	3.97185804390299	1.84991484703876	3376849	0.870438563931249	1.65818211181316e-95	1.15230212051189e-92	100	80.6941136440966
VCAM1	10	2.26180937169297	1.6193257918426	3347717.5	0.862929438996979	1.02670715239481e-126	1.88562102159824e-123	95.4545454545454	33.079278666213
C1QB	10	4.54887809603012	1.72881359187525	3341592.5	0.861350619155145	8.26297081625064e-91	5.44762834942145e-88	100	82.5791085403198
GPX1	10	3.76445936319486	0.840439473712856	3331890.5	0.858849768525679	3.81430939260171e-89	2.45183807756438e-86	100	97.4685267097652
DCXR	10	1.65399563683601	1.10509358192171	3323791	0.856761988720138	1.1360051471919e-106	1.04317729802136e-103	92.0454545454546	42.9874106839061
PDK4	10	2.65083064566042	1.63961958598315	3305372	0.852014187468424	7.82711511698798e-97	5.5902995524443e-94	98.8636363636364	50.4185096971759
CETP	10	1.60946418475709	1.28678396773864	3301011.5	0.85089019662429	8.09962192676069e-172	4.16514957961742e-168	86.7424242424243	18.9452194624022
CXCL12	10	1.71557411598213	1.24086145471353	3298040.5	0.850124372338561	2.5806918287311e-127	5.52956235836118e-124	92.8030303030303	29.2276284450493
PRAP1	10	1.5227818339303	1.06012721661864	3272883	0.843639611494324	3.66827830144369e-113	4.28721689485092e-110	92.4242424242424	33.4603606668935
MS4A6A	10	3.14106797800295	1.21243378949368	3254106.5	0.838799658717148	4.28860727918075e-80	2.20537340724591e-77	99.2424242424243	82.0823409322899
CYP2E1	10	1.19780763290154	0.954659794596005	3229059.5	0.83234338107169	5.84108330782472e-176	5.00619780035964e-172	83.7121212121212	15.8761483497788
FCGRT	10	2.7611141970457	0.991265319715111	3217000	0.829234845907184	1.41965195712897e-75	6.40387563538598e-73	97.7272727272727	85.0017012589316
CCL5	11	1.94465183565326	1.54023473627064	1027735.5	0.852809019531697	6.53624454362723e-40	4.66833110293732e-37	81.4814814814815	31.9263341847022
IL32	11	1.90154899465855	1.3037955490203	1022309	0.848306140975407	4.21662562069307e-32	2.40928617687245e-29	87.6543209876543	45.8462158892324
NKG7	11	1.48280868298213	1.21713603002923	993538	0.824432130297614	2.88606614948562e-41	2.18254508339924e-38	76.5432098765432	23.7733566339562
CD3D	11	1.08663310652177	0.98717876169796	983089	0.8157616100664	5.96969122583064e-77	2.19275286855082e-73	69.1358024691358	10.0349509342654
CD3E	11	0.815142343146945	0.759311991426954	948362	0.786945344771218	4.85536209036504e-102	1.24841070067466e-97	61.7283950617284	5.8341174889098
TRBC2	11	0.849172110047898	0.75939347089057	935741.5	0.776472926302653	3.53296680018122e-64	6.48854588330425e-61	61.7283950617284	9.19478424519425
GZMA	11	1.01220942512472	0.924448195098791	932712.5	0.773959479486656	2.30636561783819e-65	4.56163636660427e-62	60.4938271604938	8.81838956849039
CD2	11	0.835775776567352	0.771865054647609	931456	0.772916842997947	2.65026395763208e-84	1.7035896719659e-80	59.2592592592593	6.50625084016669
TRAC	11	0.841227587285449	0.773893289861963	930534	0.772151772689479	2.42691320681637e-78	1.04001320622771e-74	59.2592592592593	7.03723618765963
CXCR4	11	2.66675591947466	1.05074749513352	929059	0.770927826154783	2.72753231768478e-17	6.94359514379318e-15	96.2962962962963	79.856163462831
BTG1	11	2.71606396957659	0.960059036120321	923707.5	0.766487182168053	1.03489813650088e-16	2.55858662362603e-14	97.5308641975309	84.4938835865036
CST7	11	0.975626717876196	0.757836432200601	922745	0.765688505192023	7.98443218471467e-34	4.88799334127104e-31	67.9012345679012	18.5172738271273
CD7	11	0.940083437141813	0.826536016579351	913059	0.757651117981808	1.62671031530743e-46	1.74274898446603e-43	59.2592592592593	11.5002016400054
TSC22D3	11	2.08899612531294	0.867851871246562	912341.5	0.757055740599676	6.07463106850665e-16	1.44621216697632e-13	91.358024691358	71.2461352332303
MALAT1	11	6.08545723332878	0.691587558654542	908933.5	0.754227801758832	2.69501212545151e-15	6.18697783657225e-13	100	99.8991799973115
ZFP36L2	11	1.7492213987842	0.861934772053532	897165.5	0.744462782897608	3.73996570804373e-15	8.50991135267436e-13	83.9506172839506	59.5174082537976
TRBC1	11	0.827327228614379	0.763746624945876	895584.5	0.743150878171266	3.49235384694844e-67	7.48295017606152e-64	53.0864197530864	6.55330017475467
PTPRC	11	1.54914477493784	0.685626174007704	895260	0.742881609933633	8.18941532117027e-15	1.83101084119939e-12	90.1234567901235	62.0177443204732
PPP2R5C	11	1.00619662189777	0.716068837657316	892879	0.740905869798642	3.52672929930045e-21	1.09252124992305e-18	66.6666666666667	27.9204194112112
CD69	11	1.05994679734739	0.831899266470508	883163	0.732843588760603	4.78518160876855e-25	2.05060982541095e-22	60.4938271604938	19.9085898642291
ITM2A	11	0.645305944266635	0.594759033380458	867984.5	0.720248556572883	3.24314585934382e-69	7.5807060304953e-66	48.1481481481482	5.10149213603979
RHOH	11	0.60555202902761	0.498510718455644	844538	0.700792785436779	4.50074337904831e-31	2.4621939098317e-28	49.3827160493827	10.5793789487834
LCK	11	0.48672928347726	0.451639515339948	842812	0.699360560542619	1.08091481409021e-72	2.77924816998875e-69	43.2098765432099	3.89165210377739
ISG20	11	1.09237496266419	0.606917519083472	838002.5	0.695369665045249	1.68588174459511e-12	3.11851736813162e-10	69.1358024691358	36.046511627907
LEPROTL1	11	1.05445694874419	0.555651274897184	837760.5	0.695168854834132	2.37893577750923e-11	3.87759568326697e-09	71.6049382716049	43.9171931711252
PSAP	2	3.5215969489287	0.83729137905133	21802816.5	0.804512677740202	0	0	99.7155049786629	96.0311284046693
APOC1	2	3.8627072649718	1.4324910794798	21662059	0.799318798626601	0	0	99.3835941204362	86.8015564202335
C1QC	2	3.69676016607226	1.47622208499717	21414733.5	0.790192615306275	0	0	99.2887624466572	74.3735408560311
TMEM176B	2	1.68420114835005	0.974957582547367	21182087	0.781608079511008	0	0	86.2019914651494	46.9182879377432
APOE	2	4.2119143382751	1.46389845944519	20851935	0.76942564108241	0	0	97.3447131341868	84.5447470817121
LGMN	2	2.38970961213403	1.09725956294661	20804055	0.76765889379037	0	0	94.9739212897108	65.2607003891051
CTSD	2	3.09170931121201	0.984427946652378	20351498.5	0.750959792477302	2.82039768527825e-300	8.05756280931936e-297	99.0042674253201	85.5875486381323
CD63	2	2.96339437554746	0.731710607990951	20344867	0.750715093549417	3.21335003697397e-299	8.26216561506747e-296	99.3835941204362	91.7821011673152
CD68	2	2.54626874729463	0.778265770508678	20237717.5	0.746761332292768	9.3881011121958e-291	2.01155713163982e-287	98.0559506875296	83.0972762645914
C1QB	2	4.05763997989977	1.40517391077143	20117789.5	0.742336050980327	5.42238688918773e-281	9.95860083534249e-278	99.1939307728781	80.2101167315175
GRN	2	2.32381322920789	0.672769716454242	20092569	0.741405427545096	2.73811351428823e-278	4.40014841746119e-275	96.3963963963964	83.852140077821
PLD3	2	1.9688489258656	0.887490751987091	20041708	0.73952868289137	3.09508959954703e-286	6.12161106027332e-283	91.2754860123281	59.7587548638132
GPNMB	2	2.03162611007732	0.943350944871931	19943087	0.73588961888368	6.31848331310654e-280	1.08307228631064e-276	91.2280701754386	57.5408560311284
C1QA	2	4.04533599814057	1.28246405347334	19837309	0.731986465269283	3.49865232608947e-257	4.99763047824514e-254	99.4310099573257	83.1984435797665
CTSC	2	2.11944771170735	0.801167708079426	19766152	0.729360808689091	3.93879337613173e-254	5.3302239624789e-251	95.448079658606	72.8949416342413
CD74	2	4.95464041255135	0.637327256182712	19745516.5	0.728599369387819	4.9429959205378e-249	6.05211005280323e-246	99.9525841631105	99.3929961089494
TMEM176A	2	1.18277987081771	0.660407702290651	19661373	0.725494517659171	1.44676685415026e-293	3.3817517594465e-290	77.0981507823613	38.5603112840467
HLA-DMB	2	1.69843835666008	0.675820836686605	19516461	0.720147339639455	6.46438824786273e-239	7.55510684677484e-236	90.1849217638691	64.2879377431907
ACP5	2	1.22442394362133	0.718756354970905	19405823	0.716064854533009	2.20090988491756e-275	3.32881146829413e-272	72.9255571360835	37.1906614785992
HLA-A	2	3.33850358428008	0.458764863907548	19335015	0.713452075872719	2.14030393844316e-217	2.20125979461002e-214	99.5258416311048	98.2256809338521
A2M	2	1.24538069340157	0.651089977873226	19293646	0.711925581120748	1.21813970339878e-253	1.56604040268947e-250	79.3266951161688	40.6848249027237
HLA-DMA	2	2.31316316825529	0.606804692458097	19246579	0.710188833109169	1.52045783317889e-211	1.39621470738198e-208	97.1550497866287	83.2140077821012
TREM2	2	0.973604074334063	0.637387674668337	19078343.5	0.703981029975296	4.19432172673005e-308	1.34805500297104e-304	62.5414888572783	23.5252918287938
PRDX1	2	2.16287193441724	0.686697252148188	18936424	0.698744273661333	2.94955507598588e-190	2.16682743182139e-187	93.6936936936937	77.727626459144
MS4A4A	2	1.9098671759494	0.729605773553388	18929273	0.69848040545153	1.74169559853162e-194	1.35704476452864e-191	92.2712185870081	64.1556420233463
SPP1	3	4.95529067680697	3.9912890716385	24030625	0.926395708173898	0	0	97.002997002997	32.05989040673
CSTB	3	3.30035740827759	1.69372241416567	22816673.5	0.879597114315799	0	0	97.1528471528472	82.7737902292197
LGALS1	3	3.7314666899772	1.62944090463719	22677248	0.874222173597029	0	0	99.5004995004995	84.9579377942425
S100A10	3	2.7630157599132	1.5052939394428	22673852.5	0.874091274936378	0	0	96.7532467532468	69.2752952072239
S100A6	3	3.17357299797772	1.79745300003465	22579251.5	0.870444346885653	0	0	98.5014985014985	65.9566257621363
GAPDH	3	3.64444058684818	1.24760425783881	22468103.5	0.866159521577442	0	0	99.4005994005994	93.7022458902524
S100A11	3	3.36587174165416	1.07669007798272	22307526	0.859969157954803	0	0	99.4005994005994	94.2039052249749
ALDOA	3	2.55243933429216	1.10551001660829	22031422	0.849325175095029	0	0	95.7542457542458	81.1453268503512
VIM	3	3.32675928501669	1.12209444770343	21891691	0.84393845715911	0	0	99.000999000999	91.1322065292892
C15orf48	3	2.39537113812075	1.54922374976729	21557874	0.831069601849875	0	0	91.5584415584416	44.6399629543876
LDHA	3	2.27899655973918	1.15934304075041	21343113.5	0.822790449498021	0	0	92.8571428571429	68.9202747549587
TPI1	3	2.41068024912254	0.942418755548636	21103345	0.813547223017008	0	0	95.3046953046953	82.1563633557151
MIF	3	2.16361576391584	1.24227699875393	20571757.5	0.793054190542035	0	0	81.8181818181818	62.4681639268349
CAPG	3	1.74960668571	1.05823957635606	20177413	0.777851962038116	0	0	85.2147852147852	41.1515011190862
PLIN2	3	2.75594331891827	1.16239729777416	20099084	0.774832329821911	0	0	94.7552447552448	79.2390213784055
SERF2	3	3.33011720762189	0.505212521472847	20076998	0.773980900630588	0	0	99.4005994005994	98.7265570733966
PKM	3	1.76374121396858	0.835728694010397	19848876	0.765186654049817	0	0	87.5124875124875	61.9973759357876
SH3BGRL3	3	2.99244810107718	0.686422282431784	19804909.5	0.763491717821424	1.11253694946221e-308	1.11254930077067e-308	98.3016983016983	95.569962182604
ANXA2	3	2.11123281099392	0.864515581547051	19647069	0.757406867270262	3.34517068126902e-307	1.91135619015087e-304	90.8091908091908	71.2664968742765
ANXA1	3	2.10687175368741	0.928857783533101	19542213	0.7533646025195	3.76669652196302e-298	2.01769377026486e-295	90.7092907092907	70.4561241028016
SEC61G	3	1.7764098310699	0.699082377541572	19476044.5	0.750813765226824	7.92770881136367e-291	4.15994385628128e-288	89.2607392607393	73.4506444392992
ENO1	3	2.05446805166741	0.790345937847564	19465483	0.750406612759009	3.31475778162819e-289	1.67115788394557e-286	91.1088911088911	74.7703943814155
ERO1A	3	1.00983339621635	0.793315377814808	19454469	0.749982016131588	0	0	63.4365634365634	20.2361657791155
FABP5	3	2.45448892160344	1.23136963766964	19300290	0.744038318708381	5.57208037839552e-282	2.65313575350566e-279	86.2137862137862	63.4483290885236
S100A4	3	2.52056058601391	1.06314864371387	19251630	0.742162445102941	1.59327043808621e-272	7.18704728141624e-270	92.9070929070929	70.1782820097245
FCN1	4	2.07466936957682	1.75270511809023	14743169	0.86665590927581	0	0	83.6290322580645	18.7841679422698
S100A4	4	3.04205957860619	1.57273273611697	14294570.5	0.840285693963399	0	0	95.3225806451613	71.222392302646
RPS27	4	4.29825307833158	0.569275405132299	14128677	0.830533884017692	0	0	100	99.832349296596
RPS9	4	3.54790377825979	0.626806672792339	14122282	0.830157963173278	0	0	99.4354838709678	98.7171076609082
TIMP1	4	3.0452300779089	1.37189227557669	13820434.5	0.812414293574487	1.0635501053991e-292	1.70912501937636e-289	94.8387096774194	83.4463153291056
LST1	4	2.70419668796593	1.01733931773758	13776541	0.80983407753316	1.72598671677573e-287	2.4654761367632e-284	95.5645161290323	86.0121000072892
S100A6	4	2.97690322647319	1.48317045043463	13745605.5	0.808015578818168	4.62711803421354e-291	6.9983799350411e-288	96.0483870967742	67.9860048108463
RPL34	4	4.12109497035295	0.576594333091031	13644692	0.802083524379892	9.05357889516041e-273	1.16392810276182e-269	100	99.8760842627014
RPL26	4	3.74418505651022	0.586610310491339	13608672	0.799966140671402	5.45857858772426e-269	6.37958966579846e-266	99.758064516129	99.3002405423136
NAMPT	4	2.5197513006257	0.964976280120531	13457773.5	0.791095790156811	1.84840832493824e-254	1.90105099403248e-251	93.3064516129032	83.2422188206138
CSTA	4	1.55967107664381	1.00787064605908	13369571	0.785910933506392	5.54069052409692e-293	9.49748231703866e-290	79.1935483870968	41.8980975289744
RPL21	4	4.10092240602643	0.461963612085939	13120824	0.771288700154483	2.10276448167528e-220	1.50184112091208e-217	100	99.6938552372622
SAMSN1	4	1.94495263278055	0.992678402206041	13073768.5	0.768522610507208	3.96378996004122e-227	2.99755786625235e-224	84.1129032258065	61.3820249289307
RPL18A	4	3.59136569191002	0.511316841715428	13052826.5	0.767291565265032	5.10473812395317e-214	3.2813256660771e-211	99.5967741935484	99.0086741016109
RPL28	4	3.61956977879579	0.498890276251287	12996807.5	0.763998569208233	7.89846234062089e-209	4.72291310934987e-206	99.758064516129	99.3293971863839
RPL41	4	4.29843501325466	0.404341600366807	12981450.5	0.763095830129629	2.03710664959054e-207	1.19041104941527e-204	100	99.8687951016838
H3F3A	4	2.89267213961569	0.564150479317716	12939687.5	0.760640852455624	1.30465928619554e-203	7.13731905673614e-201	98.2258064516129	96.5303593556382
NEAT1	4	3.60782350736743	0.775370309266311	12936372	0.760445955573739	2.61809033643769e-203	1.40242372355179e-200	99.5967741935484	96.617829287849
IFITM2	4	1.85598751170197	0.980193670016316	12930245.5	0.760085818114271	1.06592087195147e-211	6.68462377063811e-209	80.7258064516129	63.6270865223413
RPS15A	4	3.52843121381841	0.488611529793794	12881798.5	0.757237931147996	2.24097868272915e-198	1.175919263068e-195	99.5967741935484	99.2127706101028
RPL10	4	4.2552131112462	0.459614134677446	12881010.5	0.7571916097054	2.63759581761049e-198	1.35635727324802e-195	100	99.8104818135433
RPL32	4	3.69596323796806	0.453430588052406	12877144	0.756964323083833	5.85923308940463e-198	2.89716540759176e-195	99.758064516129	99.4897587287703
RPL11	4	3.53834715647091	0.460336687096524	12872561	0.756694918043965	1.50745257706674e-197	7.31313597387547e-195	99.6774193548387	99.1107223558569
BTG1	4	2.60554169528415	0.920654248724949	12855049.5	0.755665529792682	1.0645918640054e-196	5.06903444579755e-194	92.258064516129	83.8690866681245
EIF1	4	3.4906648374244	0.454006787565541	12827196.5	0.75402823139089	1.65347542405173e-193	7.59181430414609e-191	99.6774193548387	99.2710838982433
HSP90AA1	5	3.96130543627892	1.25996754231953	12799637	0.816430947437578	7.97097400031823e-276	1.02474841748091e-271	98.8536155202822	95.2911392405063
HSPD1	5	2.44243302838914	1.29836826388292	12587191.5	0.802880009950534	5.48116916139195e-260	4.69772738259033e-256	91.7989417989418	67.9638336347197
HSPH1	5	2.38052200912349	1.3179347705116	12467789.5	0.795263896463414	1.43463835524572e-253	9.22185534751946e-250	88.5361552028219	60.4701627486438
DNAJB1	5	3.15243681960752	1.31813695789083	12440533.5	0.793525359510893	4.76740997215353e-239	2.04299408673352e-235	94.2680776014109	80.7594936708861
HSPA1A	5	3.74911337593477	1.38442658735151	12396440.5	0.790712866487429	8.73706631127603e-234	2.80809311244412e-230	97.0017636684303	84.9041591320072
HSPE1	5	2.60821189622676	1.14308520242585	12381982	0.789790624172782	1.31911323400752e-233	3.76855994142238e-230	94.2680776014109	78.4737793851718
ZFAND2A	5	1.87336891883561	1.27171264961985	12032854	0.767521328268767	6.81750802607039e-247	3.50583532732644e-243	76.278659611993	38.5822784810127
FCN1	5	1.51637005762754	1.13517266601306	11947480	0.762075706982277	0	0	69.7530864197531	20.4195298372514
BAG3	5	1.67473719525797	1.13279096987562	11786954	0.751836479551971	6.3182747169761e-239	2.32079256461271e-235	72.7513227513228	32.4773960216998
HSPB1	5	2.97560308253513	1.25535955491139	11701238	0.746369043632455	1.09871126241002e-169	1.88333759860577e-166	92.5044091710758	77.3381555153707
HSPA1B	5	2.87407718063061	1.20602431968249	11683785	0.745255795707875	1.69735810626471e-169	2.72765447676738e-166	89.7707231040564	72.6003616636528
HSPA8	5	2.34594152456904	0.795938471565248	11588962.5	0.73920749734493	2.34687226151463e-159	3.17593576779286e-156	92.5044091710758	81.6419529837251
HSP90AB1	5	2.5890477011775	0.753019517501841	11554463	0.737006930292042	7.31229923825012e-156	9.40069190069435e-153	96.5608465608466	88.0867992766727
HSPA6	5	2.03244713609015	1.28668275932944	11544486	0.736370542591157	3.75000557644964e-191	7.41693410628255e-188	74.4268077601411	39.6600361663653
CACYBP	5	1.47257254826949	0.820061975904837	11539000.5	0.736020647358803	1.15105615019138e-171	2.11399683812292e-168	77.2486772486773	51.3128390596745
S100A6	5	2.63006848216829	1.09651460900222	11425271.5	0.728766388880916	5.435642660599e-149	6.65529733758673e-146	93.1216931216931	68.4412296564195
LYZ	5	3.28517304082194	1.02310103353461	11244920	0.717262582482595	2.41097293142917e-131	1.99970761331957e-128	97.1781305114639	87.0741410488246
DNAJA1	5	2.00675903122241	0.762408114303952	11238421.5	0.716848072562358	1.82422451628902e-132	1.56348202542745e-129	87.9188712522046	74.8209764918626
SH3BGRL3	5	2.91557607311244	0.560147909377512	11169218.5	0.712433926219339	1.91476839837109e-125	1.36757014052549e-122	98.6772486772487	95.7106690777577
BCL2A1	5	1.92143890782276	0.8941262250692	11094887.5	0.70769268795188	4.99733964381276e-129	3.89368475520345e-126	82.2751322751323	56.6148282097649
S100A4	5	2.45864649297654	0.929406441870137	11094818.5	0.707688286753989	2.71593727557233e-122	1.79056869819271e-119	90.9171075837743	71.7685352622062
RPS9	5	3.33341175395892	0.389914976674236	11062099	0.7056012578496	1.27108119115309e-117	7.97122916754351e-115	99.5590828924162	98.7124773960217
G0S2	5	2.39407322614195	1.15720548081084	10966035	0.69947376981735	6.9567187019618e-123	4.7071355596011e-120	78.3068783068783	51.6094032549729
MRPL18	5	1.14704718420815	0.654441549487039	10909238.5	0.695850977990821	3.58509223811788e-131	2.88062161332772e-128	66.9312169312169	40.75226039783
CSTA	5	1.20244382697133	0.613614102382193	10901998	0.695389139246885	2.80987942096562e-127	2.12492999034906e-124	73.2804232804233	42.6690777576854
RPS29	6	3.93735830862782	0.689106434871746	12774849.5	0.861094922560535	0	0	99.812734082397	99.4312864444604
RPS18	6	4.18966675750546	0.646272752327255	12745996.5	0.859150072110388	0	0	100	99.733640486646
RPS6	6	3.71545596764849	0.692077653194015	12739187.5	0.858691108165042	0	0	99.9063670411985	99.1433302138075
RPS23	6	3.6638535089384	0.673015781189268	12693645.5	0.85562132758068	0	0	99.9063670411985	99.0857389676769
HLA-DPB1	6	4.28004046047027	1.15657042903952	12649361.5	0.852636343096074	0	0	99.9063670411985	95.3135123461234
RPL41	6	4.44621928032923	0.558481553999035	12557506	0.846444778595901	1.11261100777454e-308	1.20323725926868e-308	100	99.8704196962062
RPL4	6	2.65306573001752	0.913896844801829	12553705	0.846188570348543	1.11261634014387e-308	1.20534660246204e-308	98.314606741573	88.1362032970988
RPL3	6	3.50497401837619	0.698287064371341	12541984.5	0.845398544365077	1.1180182700307e-308	1.12748987248709e-307	99.812734082397	97.8331293643366
RPL26	6	3.84161778492663	0.684270609316229	12530548.5	0.844627695242009	1.24340311760637e-308	2.52579326636266e-306	99.812734082397	99.3017061406666
HLA-DQB1	6	3.23719023980694	1.26039253317191	12522161.5	0.844062365441801	1.24515286382071e-308	2.52579326636266e-306	99.5318352059925	84.0688215391261
CD1C	6	1.29177215912458	1.23076346230174	12517304.5	0.843734977002597	0	0	71.9101123595506	5.10402418832338
RPS27	6	4.3376981811199	0.604704382378552	12489033.5	0.841829356544547	2.42869952060048e-304	2.08155740245598e-301	100	99.8344251673746
RPS4X	6	3.45757317862278	0.725865909529849	12475086	0.840889218546646	1.10318310181771e-302	9.1113470254564e-300	99.438202247191	97.8547260816356
RPS3	6	3.39949909524272	0.65910603603937	12474994	0.840883017242053	1.13395731492923e-302	9.1113470254564e-300	99.7191011235955	98.1786768411202
RPL15	6	3.56696316370929	0.613511061141421	12470085	0.840552123717644	4.34953745401199e-302	3.38894869750171e-299	99.625468164794	98.5674177525016
RPS7	6	2.98561352226502	0.771937475635245	12460166.5	0.839883562417614	6.01748802633348e-301	4.55063682744372e-298	99.438202247191	94.7160031675185
RPL23A	6	3.42492727436303	0.690950757557189	12438596.5	0.838429626112561	2.31449642479086e-298	1.70029520212064e-295	99.625468164794	98.1858757468865
RPL6	6	2.98182712710734	0.767515397277524	12405681.5	0.836210974583549	1.59261740360005e-294	1.13748274114901e-291	99.3445692883895	94.7663955078828
RPL10A	6	3.01041238162455	0.74286296638418	12301025.5	0.829156586176429	2.19027716025636e-282	1.40791015861279e-279	99.250936329588	94.7016053559859
HLA-DQA1	6	3.25926619514967	1.18725704407632	12268918.5	0.826992398279057	1.44573064996416e-279	8.85062535044725e-277	99.625468164794	84.1624073140883
RPL11	6	3.66607029834231	0.592179791917896	12267472	0.826894896245434	1.62945858120329e-278	9.7434044278835e-276	99.9063670411985	99.1001367792096
RPS15A	6	3.66430984737817	0.628887053247531	12265076	0.826733392704084	3.05554999576218e-278	1.78555230661448e-275	99.7191011235955	99.2081203657044
RPL34	6	4.182411969506	0.635486188611792	12233381.5	0.824597009569152	1.21283185479803e-274	6.4967359688681e-272	100	99.8776186019725
RPS19	6	4.02084018799959	0.525357034887576	12222078	0.823835091672807	2.29877657510736e-273	1.18212286598321e-270	100	99.8416240731409
RPL10	6	4.36972695576774	0.577241301118537	12216545	0.823462137125943	9.67897416058756e-273	4.87972124739269e-270	99.9063670411985	99.8200273558419
HLA-DPB1	7	3.88609181789336	0.724922830861544	9343515.5	0.719032959797478	8.99376363533848e-111	2.31247650591823e-106	98.9200863930886	95.425069479085
HLA-DPA1	7	3.77467041307689	0.716017920822881	9288313	0.714784835313367	1.35143758710901e-106	1.73740816198734e-102	98.5961123110151	94.9262452789853
RPL26	7	3.52564136976896	0.340519620869963	8935013.5	0.687596569271537	9.18618761357842e-82	2.36195255920328e-78	99.244060475162	99.3444024798689
HLA-DRA	7	4.73573853166515	0.503193835232679	8920393.5	0.686471482908461	8.28565441184981e-81	1.69203239014954e-77	99.8920086393089	99.4512933798903
HLA-DRB1	7	3.86578494219391	0.570077721077584	8920154	0.686453052116124	8.55492418790604e-81	1.69203239014954e-77	99.6760259179266	97.0426850994085
RPS15A	7	3.39565028956598	0.336135661038185	8895186	0.684531632395654	3.56273825122983e-79	6.10700839437476e-76	99.4600431965443	99.2303855198461
RPL10	7	4.12365220945244	0.309087635124856	8886468	0.683860736163554	1.29658659593223e-78	2.08361465966309e-75	99.8920086393089	99.8218484999644
CD74	7	4.89859827733631	0.523859541171957	8848817	0.680963292479821	3.25248924226657e-76	4.646000188731e-73	100	99.4370412598874
RPL36A	7	2.77128783589885	0.454026714771596	8837843.5	0.680118823587536	1.58259908403435e-75	2.14167303414164e-72	96.8682505399568	95.8455070191691
FOS	7	3.00821750747438	0.816707310245299	8824274.5	0.679074617235923	8.22629443157931e-75	1.00721182107032e-71	95.4643628509719	87.0305707974061
RPL11	7	3.39507802751414	0.297313198190897	8771575	0.675019111846667	2.07041010289342e-71	2.21809935689982e-68	99.244060475162	99.1519988598304
ZFP36	7	2.47311268666682	0.631496441224897	8758507	0.674013460096142	6.9782323503492e-71	7.17697240768714e-68	91.036717062635	83.8095916767619
RPL34	7	3.88174605522553	0.308549649703187	8732686.5	0.672026435989589	4.72409778540411e-69	4.18848283649346e-66	100	99.8788569799758
RPS6	7	3.33160653942591	0.275895894230493	8670373.5	0.667231120904613	2.33734755450757e-65	1.9386413006935e-62	98.8120950323974	99.2232594598447
HLA-DQA1	7	2.73940511504038	0.621077866593685	8670150	0.667213921396942	1.50684180712731e-65	1.29146388482858e-62	95.1403887688985	84.614836456923
RPL31	7	2.95556904556909	0.328189368008677	8630581	0.664168877463935	4.71205600964672e-63	3.46161097485818e-60	98.3801295896328	97.9619468395924
EEF1A1	7	3.91668115869912	0.298447081685519	8626540.5	0.663857939608258	8.04239535750389e-63	5.74405748422611e-60	99.5680345572354	99.7292097199458
RPL27A	7	3.3752531997035	0.271802420800238	8603648	0.662096240595486	1.62078347468841e-61	1.12631310003212e-58	99.3520518358531	99.0094776598019
RPS23	7	3.29390937058573	0.271849772028965	8585970	0.660735824950722	1.61227393968553e-60	1.03636968842986e-57	99.0280777537797	99.1519988598304
RPL37	7	2.93192871645062	0.330794150076093	8566441.5	0.659233003538866	1.98946376500523e-59	1.21793076966225e-56	97.6241900647948	97.2493408394499
RPS24	7	3.2701736956605	0.28186179185388	8560612.5	0.658784431144176	4.2070508611923e-59	2.51562073820875e-56	99.1360691144708	99.2090073398418
RPL32	7	3.51934427491846	0.255011128713183	8545798	0.657644376976885	2.77732110281268e-58	1.58689955990044e-55	99.244060475162	99.5296800399059
CLEC10A	7	0.831923296913907	0.524864707544306	8534953	0.656809796839569	2.23959523966957e-98	1.15168945604768e-94	50.6479481641469	23.3235943846647
HLA-DQB1	7	2.60380114785022	0.572453876698532	8531295.5	0.656528332860571	1.14354699838648e-57	6.39193052663328e-55	93.304535637149	84.6362146369273
RPS3	7	3.03498409767021	0.263868174868926	8525394	0.656074181207241	3.65283082452707e-57	1.99833162043064e-54	98.1641468682506	98.2968716596594
CLEC9A	8	1.80188702680595	1.78863711663487	6692795.5	0.964947043795199	0	0	93.3194154488518	1.3328729281768
SNX3	8	3.08707335391197	1.87126690904043	6558902	0.945642683306612	1.54940283964499e-245	8.47622251339402e-243	97.9123173277662	75.5317679558011
CPNE3	8	1.77489870982167	1.57208947017047	6537623	0.942574741346498	0	0	93.1106471816284	20.2555248618785
HLA-DPB1	8	4.68680028723236	1.5297403369007	6517752	0.939709800574401	6.07984616639517e-236	3.19030621694597e-233	100	95.4972375690608
IDO1	8	1.72383531128682	1.66995370229294	6497544.5	0.936796344248492	0	0	89.7703549060543	3.6671270718232
CD74	8	5.52823995804195	1.15815820738548	6461035.5	0.931532586881048	2.62039863368981e-227	1.24769795684134e-224	100	99.4544198895028
RPS23	8	3.87306360110073	0.861770440963833	6405180.5	0.923479581656074	5.55647061261081e-219	2.38113287319082e-216	100	99.1160220994475
LGALS2	8	1.99549983578177	1.68608443447402	6388150.5	0.921024247684518	0	0	93.1106471816284	22.1132596685083
CPVL	8	2.84415943060562	1.78995619604654	6374994.5	0.919127455333972	2.86606308351958e-226	1.31593239291885e-223	97.4947807933194	61.4502762430939
HLA-DQB1	8	3.58036236723045	1.56364810306764	6366582	0.917914566488656	5.20900195386051e-214	2.09271653496346e-211	99.7912317327766	84.689226519337
C1orf54	8	2.2337111026513	1.45687186985259	6308960.5	0.909606872628289	2.55521620706502e-227	1.23961734181237e-224	97.9123173277662	52.2651933701657
LSP1	8	2.26432968405782	1.53313767022348	6303133.5	0.908766753365091	2.28274286748346e-234	1.15086048252421e-231	96.6597077244259	47.7762430939227
NAP1L1	8	2.44575614781425	1.27367832866481	6301154	0.90848135503293	5.11937646607739e-207	1.99438496508761e-204	98.7473903966597	74.4198895027624
DNASE1L3	8	1.92538770501263	1.72110299738779	6296160	0.907761335194177	0	0	88.1002087682672	16.2292817679558
RPL23A	8	3.61006911677116	0.854111449848765	6238928	0.899509798267569	3.99519712053732e-195	1.42672928282299e-192	99.7912317327766	98.2389502762431
TMSB4X	8	5.9162415429126	0.789785505797759	6233017	0.898657568138041	2.6620622486973e-194	9.37629377239793e-192	100	99.9930939226519
HLA-DPA1	8	4.33761394347811	1.27548009352068	6216691.5	0.896303806848983	4.64213590785406e-192	1.57050787450979e-189	100	94.9930939226519
ACTG1	8	3.10226833385958	1.10650782173516	6169327.5	0.889475008362265	1.10476450668024e-185	3.55071312447029e-183	98.9561586638831	90.7044198895028
EEF1B2	8	2.46806237470401	1.09405289392995	6153059.5	0.887129537249565	1.24491674914764e-184	3.85654210290169e-182	97.7035490605428	80.2693370165746
RPS11	8	3.27055355199214	0.834683472865572	6140912	0.885378147383476	1.03237501071557e-181	3.16005074708556e-179	100	97.0027624309392
RPS21	8	3.06097870656882	0.901201961324939	6135215.5	0.884556843216185	5.73847202329019e-181	1.7358540313275e-178	99.1649269311065	94.7168508287293
RPL18A	8	3.83526146830238	0.736408333601335	6106290	0.880386451977532	4.38226783612464e-177	1.22474859350475e-174	99.7912317327766	99.0331491712707
RPL27A	8	3.78379493648397	0.685468177595915	6101382.5	0.87967890344756	1.9597311816094e-176	5.30406401489905e-174	100	98.9986187845304
RPS8	8	3.78156110582957	0.778780729307484	6052762	0.872668946585312	4.69675547344261e-170	1.17245608478793e-167	99.7912317327766	99.0469613259669
RPLP1	8	4.31959394854007	0.56721668327419	6050512	0.872344548380027	9.21060499492822e-170	2.255457863139e-167	100	99.889502762431
STMN1	9	2.38979412058145	1.83623874292072	6296040	0.952017187006681	1.03773002674293e-283	4.3035668463894e-281	98.0263157894737	43.6737226780666
H2AFZ	9	2.83859070958968	1.71726300262776	6263013.5	0.947023286773094	7.19399032556841e-237	2.34141619305082e-234	97.5877192982456	72.7987312969731
TUBA1B	9	3.22466438221896	1.70379820353932	6234717.5	0.942744680169015	4.50984534582269e-230	1.39707401845534e-227	99.5614035087719	78.9767634282562
HMGN2	9	2.65681911836653	1.5015465849013	6096229	0.921803988527479	3.01926012866117e-210	8.53090290419077e-208	99.3421052631579	74.9638005929808
TUBB	9	2.5236368955014	1.56107905771254	6058891.5	0.916158226791553	4.94258878148723e-210	1.38134611684348e-207	97.3684210526316	64.9382886299387
HMGB1	9	2.69148547264437	1.27147919725583	6056431	0.915786177330522	2.55630310677134e-202	6.77604798776337e-200	99.5614035087719	83.1896848927808
KIAA0101	9	1.40096615467981	1.33808242164868	5949323	0.899590496098206	0	0	82.8947368421053	5.90222712542233
HMGB2	9	2.04105215456226	1.41842917449705	5808546	0.878303762923823	1.28358075782901e-192	3.17340658127879e-190	93.421052631579	47.4522512583604
CKS1B	9	1.22437144526504	0.980537238708708	5522210	0.835007215687982	3.73158202653124e-223	1.11565624495548e-220	79.8245614035088	23.7261256291802
PTMA	9	3.89652885542677	0.602221307889183	5514488	0.833839580679617	1.36122205899708e-130	2.44753437628901e-128	100	99.7035096186996
CDK1	9	1.01308246833914	0.964848817513367	5513968	0.833760952059526	0	0	69.9561403508772	4.86106322829759
TK1	9	0.859225239949205	0.8205033175168	5507442	0.832774162877372	0	0	69.5175438596491	4.10949458732676
TOP2A	9	1.02435956611284	0.996986819577302	5494582	0.830829616618945	0	0	67.9824561403509	2.97869406329725
UBE2C	9	1.07177585249498	1.00029749747099	5487039	0.829689048000958	0	0	70.6140350877193	6.84685927049576
PTTG1	9	1.12021290466095	0.9720058048348	5419198	0.819430886047775	3.08784361880149e-285	1.30155139551843e-282	73.0263157894737	14.6107701854789
HIST1H4C	9	1.58556857514902	1.34285511675677	5408654	0.817836539566527	8.39939081823198e-207	2.29750145445086e-204	75.219298245614	22.8711301110115
NUCKS1	9	1.45725860985568	0.890075319857201	5407641	0.817683364966232	3.83216185315538e-136	7.03803896916651e-134	91.2280701754386	47.7694270151003
RAN	9	1.78112049983597	0.850024405674214	5361976.5	0.810778486846642	1.40654224012505e-117	2.19181903503608e-115	93.859649122807	66.1932014066055
NUSAP1	9	0.81818827668821	0.779899669997425	5346936.5	0.808504305219368	0	0	64.6929824561403	4.16465558849893
BIRC5	9	0.742777519898589	0.704036169501927	5273312	0.797371626680989	0	0	62.719298245614	4.07501896159415
RPA3	9	1.06899600359737	0.778576262763419	5261602	0.795600970640073	1.3170255668752e-157	2.77568535864715e-155	77.8508771929825	27.863200717093
ZWINT	9	0.661660310191849	0.627415312185179	5237578.5	0.791968403996269	0	0	61.6228070175439	3.78542370544025
PPIA	9	2.60576641080864	0.634320387520125	5195906	0.785667151744769	3.51709220582528e-96	4.96876235143844e-94	99.3421052631579	92.7945942218851
H2AFV	9	1.25760144431709	0.808876166761701	5186610.5	0.784261589556184	4.91082608163957e-119	7.79426914883436e-117	80.7017543859649	39.9503550989451
TYMS	9	0.755174198025234	0.728105301641927	5149530.5	0.778654764108091	0	0	57.8947368421053	2.91663793697856
