state	n_cells	n_patients	pct_tumour_sites	median_log2_tumour_vs_normal	n_paired_patients	mean_suppression_score	top_markers
3	2002	10	98.4	1.6	8	0.204	SPP1, CSTB, LGALS1, S100A10, S100A6, GAPDH, S100A11, ALDOA
2	2109	10	95.7	4.6	8	0.193	PSAP, APOC1, C1QC, TMEM176B, APOE, LGMN, CTSD, CD63
0	2658	10	97.3	3.84	8	0.187	RNASE1, APOE, LGMN, A2M, APOC1, SEPP1, DAB2, GYPC
1	2542	9	3	-5.84	8	0.129	CD5L, MARCO, VCAM1, MS4A6A, CXCL12, CD163, LIPA, CETP
10	264	4	94.7	0	8	0.118	APOH, TTR, APOA1, MARCO, CD5L, CFD, CST3, CFP
9	456	10	92.5	1.94	8	0.076	STMN1, H2AFZ, TUBA1B, HMGN2, TUBB, HMGB1, KIAA0101, HMGB2
7	926	10	52.4	-1.87	8	-0.029	HLA-DPB1, HLA-DPA1, RPL26, HLA-DRA, HLA-DRB1, RPS15A, RPL10, CD74
5	1134	10	87.1	2.21	8	-0.049	HSP90AA1, HSPD1, HSPH1, DNAJB1, HSPA1A, HSPE1, ZFAND2A, FCN1
11	81	10	69.1	-0.35	8	-0.053	CCL5, IL32, NKG7, CD3D, CD3E, TRBC2, GZMA, CD2
6	1068	10	45.5	-2.15	8	-0.17	RPS29, RPS18, RPS6, RPS23, HLA-DPB1, RPL41, RPL4, RPL3
8	479	10	32.8	-2.88	8	-0.181	CLEC9A, SNX3, CPNE3, HLA-DPB1, IDO1, CD74, RPS23, LGALS2
4	1240	10	23.2	-3.33	8	-0.216	FCN1, S100A4, RPS27, RPS9, TIMP1, LST1, S100A6, RPL34
