pathway	pval	padj	log2err	ES	NES	size	leadingEdge	contrast
HALLMARK_E2F_TARGETS	3.67267922167856e-35	1.83633961083928e-33	1.54318309134871	-0.642347945873836	-3.27981998134848	195	SPC25,CDK1,AURKB,SPC24,UBE2T,RACGAP1,BUB1B,BIRC5,MELK,RRM2	stem vs other
HALLMARK_G2M_CHECKPOINT	4.72412729324496e-21	1.18103182331124e-19	1.18665095279281	-0.54489568151026	-2.75511874367435	188	CDK1,PRC1,TPX2,UBE2C,AURKB,KIF20B,PBK,TTK,NUSAP1,RACGAP1	stem vs other
HALLMARK_OXIDATIVE_PHOSPHORYLATION	7.11054114447976e-12	1.18509019074663e-10	0.887074988399873	-0.45809952185662	-2.30812341807304	183	ETFB,CYB5A,ACADSB,NDUFV1,HADHB,NDUFC1,ETFA,BCKDHA,PMPCA,NDUFS7	stem vs other
HALLMARK_ESTROGEN_RESPONSE_EARLY	3.75373165881242e-11	4.69216457351552e-10	0.851339057116899	0.48423636161071	2.25797663461402	177	KRT19,CD44,TPBG,LAD1,UGCG,CCND1,WFS1,SVIL,SFN,ENDOD1	stem vs other
HALLMARK_TNFA_SIGNALING_VIA_NFKB	1.84743386683757e-10	1.84743386683757e-09	0.826657301178302	0.457697875772377	2.1644248889201	188	CXCL6,PMEPA1,CD44,TAP1,TNC,IL18,NFKB1,ATP2B1,CCND1,NR4A1	stem vs other
HALLMARK_EPITHELIAL_MESENCHYMAL_TRANSITION	3.52977007725597e-10	2.94147506437998e-09	0.814035837847908	0.476663368342033	2.20508065569112	165	CXCL6,LAMC2,PMEPA1,TPM4,ITGAV,CD44,CD59,TNC,MATN3,PLOD1	stem vs other
HALLMARK_APICAL_JUNCTION	3.85355087492272e-08	2.75253633923052e-07	0.719512826338911	0.447771624750903	2.060724627454	157	LIMA1,CLDN18,LAMC2,ZYX,ITGA3,WNK4,TJP1,CLDN4,MPZL1,ARPC2	stem vs other
HALLMARK_MYC_TARGETS_V1	2.26726704784502e-07	1.41704190490314e-06	0.690132458796796	-0.385288635106738	-1.95718794382094	193	ERH,CCNA2,MAD2L1,PCNA,KPNA2,HPRT1,HSPE1,BUB3,SRPK1,CDC20	stem vs other
HALLMARK_DNA_REPAIR	1.33130567646529e-06	6.65652838232647e-06	0.643551836150722	-0.397721845909804	-1.95103006294705	145	ZWINT,RPA3,ALYREF,PCNA,RFC5,HPRT1,AGO4,LIG1,ARL6IP1,AK1	stem vs other
HALLMARK_UV_RESPONSE_DN	1.21119997337945e-06	6.65652838232647e-06	0.643551836150722	0.456234717189102	2.03295490846619	127	ANXA4,NFKB1,LTBP1,ATP2B1,MGLL,TJP1,ANXA2,ACVR2A,ICA1,TGFBR3	stem vs other
HALLMARK_XENOBIOTIC_METABOLISM	2.05872169074197e-06	9.35782586700897e-06	0.627256739718528	-0.359225121170589	-1.81632539606968	188	FABP1,CAT,ITIH1,CRP,UPB1,EPHX1,GNMT,CYB5A,HNF4A,HPRT1	stem vs other
HALLMARK_ESTROGEN_RESPONSE_LATE	1.19239371482374e-05	4.9683071450989e-05	0.593325476396405	0.395289680580121	1.82672279954185	166	KRT19,AGR2,LAMC2,CD44,TPBG,CCND1,PERP,WFS1,SFN,PDLIM3	stem vs other
HALLMARK_FATTY_ACID_METABOLISM	1.80465356558293e-05	6.94097525224205e-05	0.575610261071129	-0.371808346984633	-1.82391103250129	145	FABP1,RDH16,EPHX1,CYP4A11,CD36,HADHB,ALDH3A1,HSD17B4,HSDL2,MDH1	stem vs other
HALLMARK_INFLAMMATORY_RESPONSE	5.48021216568593e-05	0.000195721863060212	0.557332238758646	0.383465752055975	1.75982625438384	154	CXCL6,IL18,NFKB1,ATP2B1,TPBG,TAPBP,IL18R1,RIPK2,ACVR2A,CD55	stem vs other
HALLMARK_MITOTIC_SPINDLE	0.000214093213116889	0.000713644043722963	0.518848077743792	-0.318463671202626	-1.62383150352509	194	CDK1,PRC1,TPX2,ANLN,KIF20B,TTK,NUSAP1,RACGAP1,BIRC5,NEK2	stem vs other
HALLMARK_MTORC1_SIGNALING	0.000289979865260975	0.000906187078940547	0.49849310876659	-0.31503520278539	-1.60031478893722	193	RRM2,PSAT1,HPRT1,HSPE1,PSMC6,TXNRD1,PHGDH,PRDX1,GPI,DHFR	stem vs other
HALLMARK_BILE_ACID_METABOLISM	0.0003237878006343	0.000952317060689117	0.49849310876659	-0.378562747418582	-1.73583023140373	98	CYP7A1,CAT,TTR,GNMT,SLC23A2,EFHC1,BBOX1,AQP9,HSD17B6,HSD17B4	stem vs other
HALLMARK_IL6_JAK_STAT3_SIGNALING	0.000401441980916497	0.00111511661365694	0.49849310876659	0.442226505318052	1.80518301240031	74	REG1A,CD44,PLA2G2A,IL18R1,TNFRSF12A,IFNGR2,IL13RA1,IL15RA,CNTFR,TNFRSF21	stem vs other
HALLMARK_IL2_STAT5_SIGNALING	0.000650239255740177	0.00170577203412776	0.477270815362862	0.342747783864655	1.60383669897232	178	ITGAV,CD44,ITGA6,ANXA4,SPRED2,SOCS2,ETV4,MYO1E,BCL2L1,WLS	stem vs other
HALLMARK_KRAS_SIGNALING_UP	0.000682308813651105	0.00170577203412776	0.477270815362862	0.345328521852162	1.59873275561677	168	SOX9,ETV4,PTPRR,SERPINA3,EMP1,MALL,JUP,TNFAIP3,MAP7,SEMA3B	stem vs other
HALLMARK_P53_PATHWAY	0.000721743306535677	0.00171843644413257	0.477270815362862	0.343214468863288	1.61724158979675	184	TAP1,RETSAT,S100A10,KIF13B,KRT17,PERP,SFN,TGFA,IER3,RRAD	stem vs other
HALLMARK_ANDROGEN_RESPONSE	0.00131071707406676	0.00297890244106081	0.45505986738723	0.402906958092897	1.70560871597179	89	KRT19,CAMKK2,PMEPA1,ITGAV,CCND1,TMPRSS2,MAP7,SRF,KRT8,CDK6	stem vs other
HALLMARK_APOPTOSIS	0.0055477515657936	0.0120603294908556	0.407017918923954	0.33082792598096	1.51615637075313	153	CD44,TAP1,RETSAT,IL18,CCND1,BCL2L1,TNFRSF12A,EMP1,IER3,TGFBR3	stem vs other
HALLMARK_COAGULATION	0.00986450353809559	0.0205510490376992	0.380730400722792	-0.302493512152103	-1.44137209458255	125	APOC1,CPB2,ITIH1,APOC3,RGN,F2,PROC,HNF4A,CFI,C1QA	stem vs other
HALLMARK_MYOGENESIS	0.0103473614346577	0.0206947228693153	0.380730400722792	0.326347409943262	1.47890322715848	138	TNNT1,ACHE,SVIL,ABLIM1,PDLIM7,WWTR1,FST,KLF5,SYNGR2,MYLK	stem vs other
HALLMARK_KRAS_SIGNALING_DN	0.0133619603778225	0.0256960776496587	0.380730400722792	0.347077279045174	1.48980291931453	97	GP2,TFF2,TNNI3,ZC2HC1C,CNTFR,NUDT11,ADRA2C,KLK8,BRDT,SLC5A5	stem vs other
HALLMARK_MYC_TARGETS_V2	0.0178376461161484	0.0330326779928674	0.352487857583619	-0.378107576214688	-1.56053083023678	57	HSPE1,MPHOSPH10,TFB2M,RRP12,NOP16,MCM4,MAP3K6,BYSL,DDX18,PRMT3	stem vs other
HALLMARK_REACTIVE_OXYGEN_SPECIES_PATHWAY	0.0192140981506669	0.0343108895547624	0.352487857583619	-0.412973483857349	-1.62717513814231	45	CAT,FTL,TXN,TXNRD1,PRDX1,NDUFA6,SOD1,ATOX1,PRDX2,MGST1	stem vs other
HALLMARK_CHOLESTEROL_HOMEOSTASIS	0.0244641422255104	0.0421795555612247	0.352487857583619	0.362050894976863	1.46601038864901	72	MAL2,TNFRSF12A,SQLE,LGALS3,LGMN,ATF3,SEMA3B,CXCL16,LDLR,DHCR7	stem vs other
HALLMARK_ANGIOGENESIS	0.0386462229211904	0.0588620013080445	0.321775918075361	0.423208349717626	1.45477655680197	33	CXCL6,ITGAV,SERPINA5,FGFR1,POSTN,TNFRSF21,APP,STC1,MSX1,TIMP1	stem vs other
HALLMARK_HYPOXIA	0.0366197183098592	0.0588620013080445	0.282013350011725	0.282230869395537	1.32941344434341	182	B4GALNT2,TPBG,ANXA2,LDHC,IER3,ATF3,TNFAIP3,KLF6,BCL2,MXI1	stem vs other
HALLMARK_TGF_BETA_SIGNALING	0.0378921502788257	0.0588620013080445	0.321775918075361	0.404351323817707	1.52511566549198	51	PMEPA1,TJP1,IFNGR2,WWTR1,APC,CDH1,SERPINE1,BMPR1A,THBS1,BMPR2	stem vs other
HALLMARK_UV_RESPONSE_UP	0.0388489208633094	0.0588620013080445	0.276500599254472	0.293416710187261	1.33805807007175	146	CCK,EPCAM,TAP1,NR4A1,PDLIM3,RRAD,MARK2,ATF3,STK25,BCL2L11	stem vs other
HALLMARK_PI3K_AKT_MTOR_SIGNALING	0.0443149232402311	0.0651690047650457	0.321775918075361	0.330983611287007	1.40597338386651	92	RAC1,DUSP3,SFN,MAPK9,PRKAR2A,CAB39,NOD1,YWHAB,CDKN1A,PAK4	stem vs other
HALLMARK_COMPLEMENT	0.0619718309859155	0.0885311871227364	0.213927855492356	0.270517822225911	1.27424059094549	182	PRSS3,CD59,CDA,DOCK9,GNB4,CPM,CD55,GATA3,PIK3CG,S100A13	stem vs other
HALLMARK_HEDGEHOG_SIGNALING	0.0672268907563025	0.0910430937310327	0.224966093540314	0.416541913429125	1.40266853322673	30	ACHE,CNTFR,CDK6,RTN1,L1CAM,ADGRG1,CELSR1,ETS2,RASA1,MYH9	stem vs other
HALLMARK_INTERFERON_GAMMA_RESPONSE	0.0690140845070423	0.0910430937310327	0.20207170902116	0.267525914446856	1.26014758108363	182	TAP1,NFKB1,TAPBP,RIPK2,IL15RA,SAMD9L,TNFAIP3,CD40,LY6E,NOD1	stem vs other
HALLMARK_NOTCH_SIGNALING	0.0691927512355848	0.0910430937310327	0.219250346703755	0.413493622552094	1.3728286481781	28	CCND1,MAML2,PRKCA,FZD1,PSEN2,CUL1,HES1	stem vs other
HALLMARK_ADIPOGENESIS	0.0736285726627185	0.0943956059778442	0.287805130535564	-0.243172090212847	-1.22237016064877	182	CAT,ETFB,LPL,CD36,ORM1,BCKDHA,HADH,NABP1,RAB34,CDKN2C	stem vs other
HALLMARK_APICAL_SURFACE	0.0848896434634975	0.106112054329372	0.199915231309662	0.401508027928077	1.35219128820035	31	GATA3,SULF2,AKAP7,ADAM10,DCBLD2,CROCC,APP,SLC2A4,ATP8B1,EFNA5	stem vs other
HALLMARK_HEME_METABOLISM	0.0873925501432665	0.10657628066252	0.179782316298324	0.267497648405876	1.23746427587741	165	CTSE,LRP10,ENDOD1,SLC10A3,CDR2,BMP2K,DCAF10,TSPAN5,MXI1,CAST	stem vs other
HALLMARK_SPERMATOGENESIS	0.0958904109589041	0.114155251141553	0.241339976815091	-0.288133219847276	-1.27751890726793	79	CDK1,TTK,CLGN,DBF4,CDKN3,NEK2,CCNB2,PEBP1,KIF2C,IFT88	stem vs other
HALLMARK_ALLOGRAFT_REJECTION	0.265042979942693	0.308189511561271	0.0959206777921745	0.23606606701004	1.09205941215815	165	TAP1,IL18,ACHE,TAPBP,IL27RA,RIPK2,ACVR2A,IFNGR2,CD40,HLA-E	stem vs other
HALLMARK_GLYCOLYSIS	0.353693181818182	0.401924070247934	0.0793434960134973	0.219865836027414	1.03836795635916	186	SOX9,CD44,TPBG,PLOD1,HS6ST2,LDHC,TGFA,EXT2,CLDN3,IER3	stem vs other
HALLMARK_INTERFERON_ALPHA_RESPONSE	0.37442218798151	0.406980639110337	0.0806388495950661	0.242973051263278	1.03727717419437	94	TAP1,NCOA7,RIPK2,SAMD9L,LY6E,CSF1,PARP14,HLA-C,IL15,OASL	stem vs other
HALLMARK_PEROXISOME	0.369318181818182	0.406980639110337	0.118287526124085	-0.22714585233372	-1.03848852359352	96	CAT,TTR,SLC23A2,ALB,HSD17B4,PRDX1,SOD1,MSH2,LONP2,TOP2A	stem vs other
HALLMARK_PROTEIN_SECRETION	0.661016949152542	0.703209520375045	0.0526973085708419	0.214005415523263	0.911801583097612	93	ATP1A1,ICA1,KRT18,TSPAN8,VAMP3,GALC,SEC24D,LMAN1,TMED10,ADAM10	stem vs other
HALLMARK_PANCREAS_BETA_CELLS	0.806378132118451	0.83997722095672	0.0617054053637523	-0.237077382971796	-0.776362380592565	21	ELP4,SRP9,SRP14,HNF1A,SLC2A2,SPCS1,PKLR,MAFB,PAK3	stem vs other
HALLMARK_WNT_BETA_CATENIN_SIGNALING	0.860033726812816	0.877585435523282	0.044774889329693	0.211937442766904	0.746546039197349	37	HDAC11,FRAT1,FZD1,DKK1,PSEN2	stem vs other
HALLMARK_UNFOLDED_PROTEIN_RESPONSE	0.932352941176471	0.932352941176471	0.0670512579829467	-0.169569165032697	-0.79102389266737	107	DCP2,PSAT1,CKS1B,EIF2AK3,NABP1,NFYA,HSPA9,EXOSC1,EIF4E,CXXC1	stem vs other
HALLMARK_E2F_TARGETS	3.32942067982183e-16	1.66471033991092e-14	1.03769615548758	0.52508944207823	2.55405092961122	185	STMN1,RFC2,RRM2,CDKN3,NME1,TUBB,CDC20,TK1,BIRC5,TOP2A	Tumor vs Normal
HALLMARK_INTERFERON_GAMMA_RESPONSE	2.33192237171977e-14	5.82980592929942e-13	0.97599468306432	-0.514069961439868	-2.40621445039295	190	MYD88,ISG20,NAMPT,GCH1,IL2RB,XCL1,IFI44L,PDE4B,STAT4,PNPT1	Tumor vs Normal
HALLMARK_OXIDATIVE_PHOSPHORYLATION	2.77649418468243e-13	4.62749030780405e-12	0.932595211336209	0.491715470654917	2.3875126373084	184	ALAS1,CYB5A,ATP6V1F,MGST3,GPX4,ECHS1,HTRA2,UQCRQ,NDUFS2,TIMM8B	Tumor vs Normal
HALLMARK_ALLOGRAFT_REJECTION	5.8557097310171e-12	7.31963716377137e-11	0.887074988399873	-0.497630052756181	-2.29942856360719	174	GZMB,PRF1,CD247,KLRD1,HDAC9,CFP,PRKCB,IL2RB,BCL3,STAT4	Tumor vs Normal
HALLMARK_GLYCOLYSIS	4.67899772611729e-09	4.67899772611729e-08	0.761460801445585	0.448320676824388	2.14373658148583	166	GALE,P4HA2,STMN1,CYB5A,PLOD1,SDC1,CDK1,KDELR3,GPC3,PKM	Tumor vs Normal
HALLMARK_XENOBIOTIC_METABOLISM	1.43034037103982e-08	1.19195030919985e-07	0.747739663149885	0.434674272424232	2.10900321521813	174	TMEM176B,APOE,FAH,CYP27A1,VTN,BCAT1,ALAS1,F10,EPHX1,PTGR1	Tumor vs Normal
HALLMARK_CHOLESTEROL_HOMEOSTASIS	2.97719182750847e-07	2.12656559107748e-06	0.674962860011025	0.549426234564791	2.26639916001466	66	FABP5,ALCAM,CD9,LPL,ALDOC,TMEM97,SQLE,CLU,LGALS3,LSS	Tumor vs Normal
HALLMARK_FATTY_ACID_METABOLISM	6.1074858497812e-07	3.81717865611325e-06	0.659444398037935	0.443550266477053	2.07813930793765	139	PCBD1,IL4I1,EPHX1,LGALS1,UROD,HSD17B4,HMGCL,MAOA,MGLL,ENO2	Tumor vs Normal
HALLMARK_INTERFERON_ALPHA_RESPONSE	1.023649311619e-06	5.68694062010556e-06	0.643551836150722	-0.485936562770603	-2.049285058836	94	ISG20,IFITM1,IFI44L,PNPT1,SP110,ELF1,STAT2,TRIM14,IFITM2,ADAR	Tumor vs Normal
HALLMARK_INFLAMMATORY_RESPONSE	4.56888565326306e-06	2.28444282663153e-05	0.610526878385931	-0.397958257995819	-1.83799168847821	172	CD55,RNF144B,IFITM1,AXL,NAMPT,CSF3R,GCH1,IL2RB,PDE4B,ATP2B1	Tumor vs Normal
HALLMARK_EPITHELIAL_MESENCHYMAL_TRANSITION	9.84993901057173e-06	4.47724500480533e-05	0.593325476396405	0.42132211766514	1.92007850071498	121	MMP14,SPP1,PMP22,PCOLCE2,CAPG,LGALS1,PLOD1,SDC1,COL1A2,IGFBP2	Tumor vs Normal
HALLMARK_COAGULATION	1.34596589737317e-05	5.17679191297373e-05	0.593325476396405	0.435152016118806	1.97749346435989	118	APOC1,MMP14,MMP9,PLAU,CD9,GSN,F10,APOC2,HNF4A,FN1	Tumor vs Normal
HALLMARK_MTORC1_SIGNALING	1.32696402588084e-05	5.17679191297373e-05	0.593325476396405	0.366053368387396	1.7979832044759	191	NUPR1,CD9,BCAT1,RRM2,TMEM97,PSMB5,SQLE,GAPDH,SDF2L1,SERPINH1	Tumor vs Normal
HALLMARK_ADIPOGENESIS	1.97055932884454e-05	7.03771188873051e-05	0.575610261071129	0.369682663225615	1.79449619142804	175	APOE,FAH,LPL,FABP4,GPX3,MGST3,MGLL,GPX4,ECHS1,UQCRQ	Tumor vs Normal
HALLMARK_TNFA_SIGNALING_VIA_NFKB	3.36696913173489e-05	0.000112232304391163	0.557332238758646	-0.371409908321686	-1.73970557419209	191	PFKFB3,NAMPT,GCH1,BCL3,PDE4B,ATP2B1,TLR2,NR4A3,DUSP4,MCL1	Tumor vs Normal
HALLMARK_G2M_CHECKPOINT	3.84523983688911e-05	0.000120163744902785	0.557332238758646	0.367126564202017	1.77487990027776	171	STMN1,CDKN3,CDC20,BIRC5,TOP2A,UBE2C,DTYMK,NUSAP1,CCNB2,MAD2L1	Tumor vs Normal
HALLMARK_DNA_REPAIR	8.3549924240883e-05	0.000245735071296715	0.538434096309916	0.375406102229509	1.7611254312075	141	RFC2,NME1,TYMS,BCAP31,AK1,MPC2,NME4,GPX4,ZWINT,POLR2H	Tumor vs Normal
HALLMARK_BILE_ACID_METABOLISM	0.000277096975960832	0.000769713822113423	0.49849310876659	0.426429014485195	1.84112417254256	86	CYP27A1,ABCA6,HSD17B4,PECR,HSD3B7,SERPINA6,DIO1,SLC35B2,TFCP2L1,NR1H4	Tumor vs Normal
HALLMARK_PROTEIN_SECRETION	0.000627590087852903	0.0016515528627708	0.477270815362862	0.394836514374404	1.734560333595	92	KRT18,BNIP3,TSPAN8,TOM1L1,COPE,LMAN1,ICA1,AP2S1,VAMP4,CD63	Tumor vs Normal
HALLMARK_HYPOXIA	0.000883721659833805	0.00220930414958451	0.477270815362862	0.336955257701327	1.61503590764475	161	P4HA2,ANXA2,ALDOC,LXN,EFNA1,SLC2A5,KDELR3,HEXA,GAPDH,GPC3	Tumor vs Normal
HALLMARK_PEROXISOME	0.00139328920380028	0.00331735524714353	0.45505986738723	0.389716101639908	1.69723143120099	89	TOP2A,HSD17B4,HMGCL,HSD3B7,SERPINA6,DIO1,FDPS,TSPO,ECH1,SLC35B2	Tumor vs Normal
HALLMARK_TGF_BETA_SIGNALING	0.00223978903353384	0.00509042962166783	0.431707695803346	-0.456790293257566	-1.73207299226922	51	ID1,THBS1,HIPK2,SMAD3,TGFB1,CTNNB1,RAB31,ARID4B,SMAD7,ID2	Tumor vs Normal
HALLMARK_MYC_TARGETS_V1	0.00399905229550854	0.0086935919467577	0.407017918923954	0.30074755067579	1.47491494262405	193	NME1,CDC20,MAD2L1,TYMS,CDK4,RANBP1,LSM2,CCT3,CCNA2,MCM2	Tumor vs Normal
HALLMARK_KRAS_SIGNALING_DN	0.00853197253590884	0.0170639450718177	0.380730400722792	-0.399760808868441	-1.57331537035197	64	SLC16A7,IFI44L,SYNPO,MEFV,THRB,CAMK1D,KMT2D,ZBTB16,BTG2,TCF7L1	Tumor vs Normal
HALLMARK_UV_RESPONSE_UP	0.00825481654900418	0.0170639450718177	0.380730400722792	0.321688932430156	1.48243640361099	132	MMP14,GGH,ALAS1,EPHX1,APOM,GPX3,UROD,ATP6V1F,IGFBP2,MAOA	Tumor vs Normal
HALLMARK_ANGIOGENESIS	0.0104402196981355	0.0200773455733375	0.380730400722792	0.495232873614161	1.68018682402405	28	SPP1,LPL,VTN,NRP1,LRPAP1,APOH,PDGFA,SERPINA5,COL3A1,APP	Tumor vs Normal
HALLMARK_APOPTOSIS	0.0266996586702553	0.0494438123523246	0.352487857583619	-0.293709031583096	-1.32835792899569	150	PRF1,PDCD4,ISG20,GCH1,NEDD9,TGFBR3,MCL1,F2R,EGR3,RARA	Tumor vs Normal
HALLMARK_P53_PATHWAY	0.0289732580324069	0.0512988822817966	0.352487857583619	0.269189871841971	1.3062505663841	178	NUPR1,RGS16,EPHX1,CTSD,SDC1,AK1,GPX2,TSC22D1,PDGFA,KRT17	Tumor vs Normal
HALLMARK_REACTIVE_OXYGEN_SPECIES_PATHWAY	0.029753351723442	0.0512988822817966	0.352487857583619	0.39112575843252	1.51226946375411	46	MGST1,GPX3,ATOX1,GPX4,NDUFS2,NQO1,PFKP,PRDX6,PRDX4,NDUFA6	Tumor vs Normal
HALLMARK_MYC_TARGETS_V2	0.0358783814935538	0.0597973024892563	0.321775918075361	0.354066995284371	1.40211323110824	55	TMEM97,CDK4,DCTPP1,MCM4,SORD,HSPD1,IMP4,HSPE1,TBRG4,PLK1	Tumor vs Normal
HALLMARK_ESTROGEN_RESPONSE_LATE	0.0380311438741114	0.0613405546356635	0.321775918075361	0.288452609775702	1.34573972587783	138	FABP5,GALE,CD9,CDC20,TOP2A,MDK,MAPK13,GINS2,LSR,PDZK1	Tumor vs Normal
HALLMARK_MYOGENESIS	0.0424055477795717	0.0662586684055808	0.321775918075361	0.295274860566428	1.33154512037212	111	GSN,GPX3,ERBB3,CLU,AK1,DTNA,FDPS,NQO1,TPD52L1,CRAT	Tumor vs Normal
HALLMARK_COMPLEMENT	0.0514579759862779	0.0779666302822392	0.261663521711573	-0.271665050003219	-1.26480116984597	179	GZMB,CD55,FYN,GZMK,PRCP,JAK2,GNG2,RNF4,SH2B3,GZMA	Tumor vs Normal
HALLMARK_IL2_STAT5_SIGNALING	0.0582191780821918	0.0856164383561644	0.245041785430996	-0.274027237093383	-1.26548063387603	171	GABARAPL1,SHE,CST7,IL2RB,HIPK2,RABGAP1L,CCND3,IL1R2,IRF4,PRKCH	Tumor vs Normal
HALLMARK_UV_RESPONSE_DN	0.0646853146853147	0.0924075924075924	0.234392647294686	-0.306277189819941	-1.33061830786796	113	FYN,ID1,ADD3,PRKAR2B,ATP2B1,TGFBR3,DLC1,RND3,PIK3R3,CELF2	Tumor vs Normal
HALLMARK_ESTROGEN_RESPONSE_EARLY	0.0716783216783217	0.0982365344067472	0.222056046145248	-0.282482704348909	-1.25217247388024	137	ADD3,CXCL12,DLC1,JAK2,ELF1,EGR3,RARA,KLF4,B4GALT1,CLIC3	Tumor vs Normal
HALLMARK_IL6_JAK_STAT3_SIGNALING	0.0726950354609929	0.0982365344067472	0.222056046145248	-0.327683912753759	-1.34909474586183	77	MYD88,CSF3R,TLR2,STAT2,IL1R2,TNFRSF1B,IL18R1,MAP3K8,CD38,TGFB1	Tumor vs Normal
HALLMARK_KRAS_SIGNALING_UP	0.0821256038647343	0.108060005085177	0.245041785430996	0.257310864392826	1.22124786886895	156	TMEM176A,TMEM176B,SPP1,MMP9,RGS16,F13A1,PLAU,ADAMDEC1,GPNMB,NRP1	Tumor vs Normal
HALLMARK_SPERMATOGENESIS	0.147321428571429	0.188873626373626	0.172324344900946	0.296547197735371	1.2125023462899	64	RPL39L,CDKN3,CCNB2,SLC2A5,CDK1,AURKA,NEK2,MAP7,KIF2C,RFC4	Tumor vs Normal
HALLMARK_ANDROGEN_RESPONSE	0.21015761821366	0.261324041811847	0.12384217120105	-0.274890867118718	-1.15260064844353	89	LIFR,AKAP12,CCND3,PTK2B,UBE2J1,B4GALT1,ADAMTS1,GSR,ACTN1,FKBP5	Tumor vs Normal
HALLMARK_HEDGEHOG_SIGNALING	0.214285714285714	0.261324041811847	0.138022242496643	0.395970632717537	1.20112664476537	19	NRP2,THY1,NRP1,PLG	Tumor vs Normal
HALLMARK_APICAL_JUNCTION	0.236276849642005	0.277762649093187	0.138022242496643	0.245482341819307	1.11709524077426	122	MMP9,CD99,CLDN7,CD276,MDK,MAPK13,THY1,MMP2,CERCAM,SIRPA	Tumor vs Normal
HALLMARK_MITOTIC_SPINDLE	0.238875878220141	0.277762649093187	0.135740943810425	0.221900521409592	1.08559615952258	187	ARHGAP10,GSN,BIRC5,TOP2A,NUSAP1,CCNB2,MARCKS,CDK1,MYO1E,RASAL2	Tumor vs Normal
HALLMARK_APICAL_SURFACE	0.262081784386617	0.297820209530247	0.112843355675562	-0.3750200731027	-1.17116862352738	24	CD160,IL2RB,B4GALT1,LYN,GATA3,SULF2	Tumor vs Normal
HALLMARK_HEME_METABOLISM	0.354344122657581	0.393715691841757	0.0891647117820678	-0.230933117855964	-1.04605894024813	149	KAT2B,HBB,TOP1,SEC14L1,CCND3,KLF3,CLIC2,EPOR,ARHGEF12,FBXO34	Tumor vs Normal
HALLMARK_PI3K_AKT_MTOR_SIGNALING	0.38018018018018	0.413239326282805	0.0883594442500905	-0.247626533278283	-1.03520885098913	92	MYD88,PRKCB,STAT2,SLA,PIK3R3,PTEN,MAPK9,CXCR4,PRKAR2A,LCK	Tumor vs Normal
HALLMARK_NOTCH_SIGNALING	0.471349353049908	0.501435481967987	0.0780892306943345	-0.308504310214319	-0.981879434810987	26	DLL1,TCF7L2,NOTCH2,LFNG	Tumor vs Normal
HALLMARK_PANCREAS_BETA_CELLS	0.518599562363239	0.540207877461707	0.0819778796501272	0.33959403419185	0.959804807873806	15	SCGN,SLC2A2,PKLR,SRPRB,SRP9,ELP4,SRP14,SPCS1	Tumor vs Normal
HALLMARK_UNFOLDED_PROTEIN_RESPONSE	0.667464114832536	0.681085831461771	0.0734381410838857	0.204197146537854	0.905745944331499	105	EIF4EBP1,KDELR3,BANF1,LSM4,TUBB2A,YIF1A,BAG3,CCL2,WFS1,PDIA6	Tumor vs Normal
HALLMARK_WNT_BETA_CATENIN_SIGNALING	0.817343173431734	0.817343173431734	0.0512184348540341	-0.23212287790676	-0.771512259302173	31	DLL1,ADAM17,CTNNB1,MAML1,NOTCH4,FRAT1,NCOR2	Tumor vs Normal
