direction	source	target	ligand.complex	receptor.complex	aggregate_rank	aggregate_rank_other	specificity	stem_gene	stem_gene_log2FC	stem_gene_padj	priority_score
stem_to_tam	Stem-like tumour	C1Q+APOE+ TAM	CD24	SIGLEC10	0.00114300438218847	0.00400398304117219	0.544444333912298	CD24	0.896207656603639	0.00759290052077326	69
tam_to_stem	SPP1+ TAM	Stem-like tumour	SPP1	ITGAV_ITGB1	0.000244028283845959	0.000709184387272193	0.463319000311576	ITGAV_ITGB1	0.648842369523587	0.999821942287206	81.6666666666667
tam_to_stem	SPP1+ TAM	Stem-like tumour	SPP1	ITGAV_ITGB5	0.000532169386608649	0.0015014355941554	0.450456819501926	ITGAV_ITGB5	0.648842369523587	0.999821942287206	95
tam_to_stem	SPP1+ TAM	Stem-like tumour	SPP1	CD44	0.010107055074965	0.0728558458771229	0.857839772593073	CD44	1.30862689954672	0.999821942287206	105.5
stem_to_tam	Stem-like tumour	SPP1+ TAM	MMP7	CD44	0.0082886652128546	1	2.08151540158064	MMP7	1.90759560971318	0.999821942287206	112.5
tam_to_stem	APOE+LGMN+ TAM	Stem-like tumour	APOE	LSR	0.000137001696697984	0.000507955891286614	0.569100055937812	LSR	0.395474802306865	0.999821942287206	129.833333333333
tam_to_stem	C1Q+APOE+ TAM	Stem-like tumour	APOE	LSR	0.000130117373725733	0.000474728121771791	0.562109670111053	LSR	0.395474802306865	0.999821942287206	132.166666666667
stem_to_tam	Stem-like tumour	SPP1+ TAM	LAMA1	CD44	0.016416201316926	1	1.78472733064881	LAMA1	1.40700470760267	0.999821942287206	147.5
stem_to_tam	Stem-like tumour	APOE+LGMN+ TAM	CD59	STAB1	0.0181932213581767	0.0867922011236975	0.678571098944764	CD59	0.33024675768405	0.999821942287206	156.666666666667
stem_to_tam	Stem-like tumour	SPP1+ TAM	SERPINE1	PLAUR	0.00265799903988097	0.0163489811479996	0.788935873314475	SERPINE1	0.482919903826993	0.999821942287206	159.166666666667
tam_to_stem	C1Q+APOE+ TAM	Stem-like tumour	APOE	LDLR	0.00204094646151788	0.016642468945681	0.911386142871797	LDLR	0.209615801333683	0.999821942287206	160
tam_to_stem	APOE+LGMN+ TAM	Stem-like tumour	APOE	LDLR	0.00214175475780492	0.0173264999816912	0.907941102112902	LDLR	0.209615801333683	0.999821942287206	161.666666666667
stem_to_tam	Stem-like tumour	C1Q+APOE+ TAM	CD59	STAB1	0.025510833507546	0.123368348685757	0.684479103229247	CD59	0.33024675768405	0.999821942287206	169
tam_to_stem	C1Q+APOE+ TAM	Stem-like tumour	ARPC5	LDLR	0.00303819461396236	0.0235716515513738	0.889774423004915	LDLR	0.209615801333683	0.999821942287206	172.333333333333
tam_to_stem	APOE+LGMN+ TAM	Stem-like tumour	APOA1	LDLR	0.00489755527412269	0.0318344271251823	0.812917692776084	LDLR	0.209615801333683	0.999821942287206	186.666666666667
tam_to_stem	SPP1+ TAM	Stem-like tumour	ARPC5	LDLR	0.00583908506437669	0.0429987076194439	0.867110600362728	LDLR	0.209615801333683	0.999821942287206	189.666666666667
tam_to_stem	APOE+LGMN+ TAM	Stem-like tumour	ARPC5	LDLR	0.00753755436664165	0.0436665483001483	0.762918406074102	LDLR	0.209615801333683	0.999821942287206	201.666666666667
tam_to_stem	C1Q+APOE+ TAM	Stem-like tumour	ACTR2	LDLR	0.00744197305146146	0.037580801943133	0.70327795030661	LDLR	0.209615801333683	0.999821942287206	206.333333333333
tam_to_stem	APOE+LGMN+ TAM	Stem-like tumour	ACTR2	LDLR	0.00823590795256003	0.0423830710905885	0.711480938485625	LDLR	0.209615801333683	0.999821942287206	208.666666666667
stem_to_tam	Stem-like tumour	C1Q+APOE+ TAM	GAL	HLA-DPA1	0.000341083914844522	0.0029830501429253	0.941799314577595	GAL	0.548899365087352	0.999821942287206	211.333333333333
stem_to_tam	Stem-like tumour	APOE+LGMN+ TAM	SERPINE1	PLAUR	0.0123600126811189	0.0589023583067162	0.678113766896425	SERPINE1	0.482919903826993	0.999821942287206	211.5
stem_to_tam	Stem-like tumour	APOE+LGMN+ TAM	GAL	HLA-DPA1	0.000447725727065575	0.0038140755979173	0.930377246462247	GAL	0.548899365087352	0.999821942287206	215.333333333333
tam_to_stem	SPP1+ TAM	Stem-like tumour	ACTR2	LDLR	0.0114726315705182	0.0697389177612397	0.783812156547754	LDLR	0.209615801333683	0.999821942287206	215.333333333333
tam_to_stem	SPP1+ TAM	Stem-like tumour	LRPAP1	LDLR	0.0156810392688872	0.100049473745329	0.804839966222512	LDLR	0.209615801333683	0.999821942287206	226.666666666667
stem_to_tam	Stem-like tumour	C1Q+APOE+ TAM	COPA	CD74	0.00221924744044125	0.00737993039744793	0.521846538207091	COPA	0.16699253214394	0.999821942287206	227.166666666667
tam_to_stem	SPP1+ TAM	Stem-like tumour	VCAN	ITGB1	0.000121001736788716	0.000380202909089661	0.497223831536615	ITGB1	0.197253821163706	0.999821942287206	230.166666666667
tam_to_stem	C1Q+APOE+ TAM	Stem-like tumour	SPP1	ITGAV_ITGB1	0.0661392358707784	0.198787181536047	0.477929203145969	ITGAV_ITGB1	0.648842369523587	0.999821942287206	233.666666666667
tam_to_stem	C1Q+APOE+ TAM	Stem-like tumour	APOE	SCARB1	0.000456222811892611	0.00122474181128556	0.428867547489492	SCARB1	0.189273035870624	0.999821942287206	237.833333333333
stem_to_tam	Stem-like tumour	APOE+LGMN+ TAM	COPA	CD74	0.00371400885991092	0.0128272437993697	0.538290413748423	COPA	0.16699253214394	0.999821942287206	238.5
tam_to_stem	SPP1+ TAM	Stem-like tumour	FN1	ITGA3_ITGB1	0.091645738448624	1	1.03788772504194	ITGA3_ITGB1	1.00230346093518	0.999821942287206	241.666666666667
tam_to_stem	APOE+LGMN+ TAM	Stem-like tumour	APOE	SCARB1	0.000488874280465406	0.00128836717860467	0.420842462797594	SCARB1	0.189273035870624	0.999821942287206	242.833333333333
tam_to_stem	APOE+LGMN+ TAM	Stem-like tumour	TIMP2	ITGA3	0.0932778336496842	1	1.03022154882984	ITGA3	1.00230346093518	0.999821942287206	244
stem_to_tam	Stem-like tumour	SPP1+ TAM	LAMB1	CD44	0.0177848410701945	0.0636953429314111	0.554057691592352	LAMB1	0.296543986854229	0.999821942287206	249.333333333333
stem_to_tam	Stem-like tumour	C1Q+APOE+ TAM	TFF2	CXCR4	0.0622243195780985	0.239355468309078	0.585083197508596	TFF2	0.644298083813771	0.999821942287206	249.666666666667
tam_to_stem	APOE+LGMN+ TAM	Stem-like tumour	F13A1	ITGB1	0.00139657516520921	0.00431838742164199	0.490257287353494	ITGB1	0.197253821163706	0.999821942287206	250.833333333333
tam_to_stem	APOE+LGMN+ TAM	Stem-like tumour	CXCL12	ITGB1	0.00330899848963607	0.0125488516617439	0.578907416665156	ITGB1	0.197253821163706	0.999821942287206	251.166666666667
stem_to_tam	Stem-like tumour	APOE+LGMN+ TAM	FAM3C	LAMP1	0.0111338575581308	0.0277086510053717	0.395969721860085	FAM3C	0.38971277806217	0.999821942287206	253
tam_to_stem	C1Q+APOE+ TAM	Stem-like tumour	LRPAP1	LDLR	0.0224003589334307	0.101327670729993	0.655473082088662	LDLR	0.209615801333683	0.999821942287206	255
stem_to_tam	Stem-like tumour	C1Q+APOE+ TAM	FAM3C	LAMP1	0.00552465708186615	0.0117934659620302	0.329336131608925	FAM3C	0.38971277806217	0.999821942287206	255.666666666667
stem_to_tam	Stem-like tumour	C1Q+APOE+ TAM	SERPINE1	PLAUR	0.0389260397799569	0.213945003688068	0.740061926618439	SERPINE1	0.482919903826993	0.999821942287206	257.5
