lineage	gene	rho	n_patients	n_patients_same_sign	direction
lineage1	SEPP1	0.735	10	10	increases
lineage1	C1QB	0.708	10	10	increases
lineage1	C1QA	0.707	10	10	increases
lineage1	SLC40A1	0.702	10	10	increases
lineage1	C1QC	0.684	10	10	increases
lineage1	FOLR2	0.638	10	10	increases
lineage1	LGMN	0.634	10	10	increases
lineage1	CD74	0.618	10	10	increases
lineage1	DAB2	0.604	10	10	increases
lineage1	A2M	0.584	10	10	increases
lineage1	APOE	0.58	10	10	increases
lineage1	GPR34	0.574	10	10	increases
lineage1	HLA-DPB1	0.558	10	9	increases
lineage1	LIPA	0.54	10	10	increases
lineage1	HLA-DPA1	0.533	10	9	increases
lineage1	MS4A4A	0.509	10	10	increases
lineage1	MS4A6A	0.493	10	10	increases
lineage1	PLD3	0.491	10	10	increases
lineage1	HLA-DRA	0.49	10	9	increases
lineage1	FCGRT	0.487	10	10	increases
lineage1	IGF1	0.476	10	10	increases
lineage1	PDK4	0.468	10	10	increases
lineage1	HLA-DQA1	0.468	10	10	increases
lineage1	APOC1	0.467	10	10	increases
lineage1	CPM	0.466	10	10	increases
lineage1	JUN	0.458	10	10	increases
lineage1	RHOB	0.458	10	10	increases
lineage1	RNASE1	0.455	10	9	increases
lineage1	CREG1	0.445	10	10	increases
lineage1	GYPC	0.443	10	10	increases
lineage1	S100A6	-0.697	10	10	decreases
lineage1	S100A4	-0.636	10	10	decreases
lineage1	FCN1	-0.595	10	10	decreases
lineage1	CD52	-0.554	10	10	decreases
lineage1	TIMP1	-0.524	10	10	decreases
lineage1	LINC01272	-0.509	10	10	decreases
lineage1	S100A8	-0.489	10	10	decreases
lineage1	S100A10	-0.476	10	10	decreases
lineage1	S100A9	-0.469	10	10	decreases
lineage1	VCAN	-0.451	10	10	decreases
lineage1	CRIP1	-0.44	10	10	decreases
lineage1	EREG	-0.436	10	10	decreases
lineage1	TREM1	-0.414	10	10	decreases
lineage1	SLC11A1	-0.414	10	10	decreases
lineage1	CSTA	-0.402	10	9	decreases
lineage1	ALDOA	-0.394	10	10	decreases
lineage1	BCL2A1	-0.389	10	8	decreases
lineage1	LILRA5	-0.366	10	10	decreases
lineage1	G0S2	-0.363	10	10	decreases
lineage1	PLAC8	-0.363	10	9	decreases
lineage1	LSP1	-0.359	10	9	decreases
lineage1	CD300E	-0.348	10	10	decreases
lineage1	LDHA	-0.347	10	9	decreases
lineage1	S100A12	-0.329	10	10	decreases
lineage1	SLC2A3	-0.329	10	10	decreases
lineage1	IFI30	-0.326	10	10	decreases
lineage1	AQP9	-0.325	10	10	decreases
lineage1	STXBP2	-0.321	10	9	decreases
lineage1	CD55	-0.321	10	10	decreases
lineage1	CORO1A	-0.312	10	10	decreases
